insert into public.category (id, name, site_id)
values  (1, 'Овощи, зелень, грибы, соленья', 1),
        (2, 'Свежие овощи и фрукты', 2),
        (3, 'Фрукты, ягоды', 1),
        (4, 'Молочные продукты, яйцо', 1),
        (5, 'Молоко, сыр, масло, яйца', 2),
        (6, 'Сыры', 1),
        (7, 'Майонез, соусы', 1),
        (8, 'Хлеб', 1),
        (9, 'Выпечка', 1),
        (10, 'Мясо, птица', 1),
        (11, 'Рыба, морепродукты, икра', 1),
        (12, 'Колбасы, деликатесы', 1),
        (13, 'Фермерская лавка', 2),
        (14, 'Сосиски, сардельки', 1),
        (15, 'Полуфабрикаты', 1),
        (16, 'Овощи-фрукты замороженные', 1),
        (17, 'Кулинария', 2),
        (18, 'Мороженое', 1),
        (19, 'Консервы', 1),
        (20, 'Напитки', 2),
        (21, 'Мука, всё для выпечки', 1),
        (22, 'Крупы', 1),
        (23, 'Паста, макароны, лапша', 1),
        (24, 'Мед, варенье, джемы', 1),
        (25, 'Орехи, сухофрукты, семечки', 1),
        (26, 'Конфеты, зефир, мармелад', 1),
        (27, 'Печенье, вафли, торты', 1),
        (28, 'Шоколад, батончики, паста', 1),
        (29, 'Чипсы, сухарики, снэки', 1),
        (30, 'Рыба и морепродукты', 2),
        (31, 'Продукты быстрого приготовления', 1),
        (32, 'Специи, приправы', 1),
        (33, 'Хлеб, выпечка', 2),
        (34, 'Колбасы', 2),
        (35, 'Кетчуп, томатная паста, соусы', 1),
        (36, 'Замороженные продукты', 2),
        (37, 'Растительные масла', 1),
        (38, 'Сухие завтраки, хлопья, мюсли', 1),
        (39, 'Сахар, соль', 1),
        (40, 'Сиропы', 1),
        (41, 'Уксусы, бальзамики, дрессинги', 1),
        (42, 'Чай', 1),
        (43, 'Кофе, какао, сухое молоко', 1),
        (44, 'Соевые продукты', 1),
        (45, 'Азиатская кухня', 1);

INSERT INTO public.general_category (name) VALUES
    ('Овощи, фрукты и зелень'),
    ('Молочные продукты и яйца'),
    ('Хлебобулочные изделия'),
    ('Мясо, птица и морепродукты'),
    ('Колбасные изделия и деликатесы'),
    ('Полуфабрикаты и замороженные продукты'),
    ('Консервы и соленья'),
    ('Соусы, специи и приправы'),
    ('Зерновые и макаронные изделия'),
    ('Сладости и снеки'),
    ('Напитки'),
    ('Специализированные продукты');

INSERT INTO public.general_category_category (general_category_id, category_id) VALUES
    (1, 1), (1, 2), (1, 12), (1, 16),
    (2, 3), (2, 4), (2, 5),
    (3, 8), (3, 9), (3, 33),
    (4, 10), (4, 11), (4, 30),
    (5, 12), (5, 14), (5, 34),
    (6, 15), (6, 36),
    (7, 1), (7, 13),
    (8, 7), (8, 32), (8, 35), (8, 41),
    (9, 21), (9, 22), (9, 23), (9, 38), (9, 39), (9, 40),
    (10, 24), (10, 25), (10, 26), (10, 27), (10, 28), (10, 29),
    (11, 20), (11, 42), (11, 43), (11, 44), (11, 45), (11, 37), (11, 31),
    (12, 20), (12, 41);