id_x,id_y
2,129
4,111
8,97
12,146
14,192
16,86
16,9500
18,8791
20,9499
26,160
28,148
34,168
36,200
38,217
40,184
42,186
44,134
46,174
48,231
50,8800
52,131
54,8789
56,62
58,208
58,233
62,56
68,210
70,314
74,125
76,371
78,365
82,9501
84,441
86,16
86,9500
90,335
94,113
98,124
100,8796
102,611
104,9219
106,8795
114,523
118,128
120,122
122,120
124,98
128,118
130,9221
130,9222
133,99
133,178
135,154
137,341
145,101
149,213
151,105
153,204
157,176
167,158
177,286
195,280
199,394
201,347
201,494
203,237
214,8790
220,144
226,230
226,9122
228,368
228,374
228,9117
230,226
232,269
234,291
241,926
241,938
241,1040
243,245
243,265
245,243
245,255
247,271
247,301
247,8798
249,261
249,920
249,954
251,9503
251,9509
255,245
255,265
261,249
261,920
261,954
263,386
263,450
263,938
263,976
263,1102
265,243
265,255
267,340
269,232
271,247
271,301
281,315
281,940
281,982
281,1020
289,902
291,234
295,303
299,307
299,313
299,862
299,869
301,247
301,271
303,295
305,320
307,299
307,313
307,908
311,1478
311,9507
313,299
313,307
313,862
313,869
315,281
315,395
315,940
315,982
315,1157
320,305
321,918
322,1074
324,354
324,356
324,378
324,506
324,1692
325,793
326,495
327,1378
327,1545
328,436
328,1968
328,1996
330,1994
330,2032
332,366
334,362
334,904
334,914
336,574
336,886
336,1009
338,9469
340,267
342,1038
344,9852
344,1648
346,438
346,687
346,1382
346,1652
346,1817
354,324
354,356
354,378
354,506
354,1705
354,2086
356,324
356,354
356,378
356,506
358,1553
362,334
362,904
362,914
364,491
364,8899
366,332
368,228
368,9117
372,1092
374,228
378,324
378,354
378,356
378,506
378,1727
378,1988
380,446
380,1050
382,544
382,866
382,1149
386,263
386,450
386,976
386,1102
386,1122
389,643
389,748
389,750
391,873
393,960
395,315
395,982
395,1020
395,1157
397,590
397,1516
399,560
401,1126
405,485
405,689
405,880
407,8892
409,1096
416,9675
422,448
422,540
422,683
426,1217
430,891
432,721
432,1927
432,8687
434,1078
436,328
436,1968
436,1996
438,346
438,687
438,1382
438,1652
438,1817
444,518
446,380
446,1050
448,422
448,540
448,683
450,263
450,386
450,976
450,1102
450,1122
452,1786
454,1052
483,572
483,8895
483,8912
485,405
485,689
485,880
456,1749
458,1254
462,1358
464,602
464,693
468,1978
468,2029
474,672
480,520
480,1094
487,510
487,1725
487,1800
491,364
495,326
497,9663
497,1120
499,9505
502,1761
502,2010
506,324
506,354
506,356
506,378
506,1705
506,2016
506,2086
510,487
516,1250
516,8684
518,444
520,480
520,1094
526,8894
526,8911
528,8833
528,8840
528,8810
530,1696
534,1736
536,626
540,422
540,448
540,683
542,742
542,8910
544,382
546,1104
550,604
550,9004
550,9005
550,9679
560,399
566,780
566,849
566,851
568,727
568,789
570,964
572,483
572,8895
572,8912
574,336
574,886
574,1009
576,604
576,9004
576,9005
576,9679
578,9668
578,9230
582,823
584,1538
590,397
590,1378
590,1516
592,841
598,685
600,8723
602,464
604,550
604,576
604,9004
604,9005
604,9679
606,9512
616,1076
618,622
618,670
618,717
622,618
622,717
626,536
630,676
636,8807
643,389
643,748
643,750
656,1751
656,1779
660,1755
662,1972
664,2012
670,618
672,474
676,630
678,803
683,422
683,448
683,540
685,598
687,346
687,438
687,1382
687,1652
687,1817
689,405
689,485
689,880
691,893
691,1436
693,464
695,821
697,1209
699,1547
705,1512
707,825
707,1665
707,9511
713,1689
717,618
717,622
721,432
721,1927
721,8687
727,568
729,793
729,1046
736,859
736,861
740,805
742,542
742,8910
744,872
746,811
746,874
746,876
748,389
748,643
748,750
750,389
750,643
750,748
756,815
756,9674
768,827
772,1925
780,566
780,849
780,851
781,785
785,781
789,568
793,325
793,729
793,1046
799,801
799,863
801,799
801,863
803,678
805,740
807,809
809,807
811,746
811,874
811,876
813,1133
815,756
815,883
817,8913
821,695
823,582
825,707
825,1665
825,9511
827,768
829,831
829,1391
829,9502
831,829
831,1391
831,9502
837,839
839,837
841,592
845,847
847,845
849,566
849,780
849,851
851,566
851,780
851,849
859,736
859,861
861,736
861,859
863,799
863,801
864,8813
866,382
868,870
870,868
872,744
874,746
874,811
874,876
876,746
876,811
876,874
880,405
880,485
880,689
883,815
883,9674
894,903
901,1245
903,894
907,915
907,919
907,921
907,923
915,907
917,921
919,907
919,967
921,907
921,917
923,907
923,935
925,933
927,9685
931,9681
933,925
935,923
939,1316
945,1239
949,979
957,1180
961,1246
963,1314
965,858
967,919
971,1229
973,1000
973,1150
979,949
983,1108
990,1008
994,996
996,994
998,1099
1000,973
1000,1079
1000,1109
1000,1195
1002,1014
1008,990
1010,8752
1014,1002
1014,1049
1023,1127
1025,1154
1031,1041
1031,9676
1041,1031
1041,1167
1043,1514
1047,1079
1047,1109
1047,9705
1049,1014
1051,1160
1051,8817
1055,9710
1059,1182
1071,1268
1073,9691
1075,1148
1075,1186
1079,1000
1079,1047
1083,1152
1083,1237
1083,1804
1085,1241
1093,8820
1099,998
1099,9715
1109,1000
1109,1047
1109,1150
1127,1023
1136,1138
1138,1136
1140,9013
1142,1326
1148,1075
1150,973
1150,1109
1150,9700
1152,1083
1152,1237
1152,1199
1154,1025
1160,1051
1160,8817
1170,865
1176,1315
1180,957
1182,1059
1186,1075
1186,1233
1186,1235
1190,1339
1194,1196
1196,1194
1212,1286
1214,1286
1223,1319
1229,971
1233,1186
1235,1186
1235,1331
1237,1083
1237,1152
1237,1276
1239,945
1241,1085
1243,1335
1245,901
1268,1071
1270,1280
1275,2058
1280,1270
1280,8918
1286,1212
1286,1214
1286,1288
1288,1286
1300,1106
1315,1176
1317,1343
1319,1223
1326,1142
1331,1235
1333,1396
1335,1243
1348,1371
1351,1379
1339,1190
1357,1379
1369,1381
1369,9589
1371,1348
1373,1375
1375,1373
1377,1389
1379,1351
1379,1357
1381,1369
1381,9590
1385,1387
1387,1385
1389,1377
1395,1435
1414,1459
1414,6854
1434,8774
1435,1395
1439,8782
1445,9840
1449,9841
1455,8783
1457,8785
1459,1414
1461,8787
1472,8780
1473,8773
1479,8786
1499,9844
1503,6977
1505,9843
1508,6921
1511,6940
1515,6956
1517,7016
1523,6929
1525,6899
1527,7055
1532,1548
1532,7037
1534,6954
1537,7058
1541,7033
1543,1548
1543,6981
1546,7051
1548,1532
1548,1543
1548,7049
1550,7053
1580,1597
1589,9817
1597,1580
1603,1606
1603,1608
1603,1612
1603,1615
1606,1603
1606,1608
1606,1612
1606,1615
1608,1603
1608,1606
1608,1612
1608,1615
1612,1603
1612,1606
1612,1608
1612,1615
1615,1603
1615,1606
1615,1608
1615,1612
1625,3378
1630,3331
1645,1672
1645,9035
1645,9708
1655,1708
1670,1748
1672,1645
1672,9035
1672,9708
1674,8970
1684,1708
1697,3281
1699,3450
1704,1758
1708,1655
1708,1684
1708,5057
1710,3296
1714,3205
1716,3384
1724,8734
1733,1758
1739,3226
1748,1670
1758,1704
1758,1733
1758,8926
1763,1995
1766,1801
1774,6763
1787,1871
1793,6738
1797,6645
1801,1766
1806,9598
1822,1824
1824,1822
1826,1904
1826,1953
1837,1876
1837,9822
1852,1906
1854,1908
1867,1869
1867,1993
1869,1867
1869,1993
1871,1787
1876,1837
1894,9819
1894,6677
1896,2017
1904,1826
1904,1953
1906,1852
1908,1854
1910,1965
1913,1969
1933,6759
1934,6534
1945,1947
1947,1945
1953,1826
1953,1904
1955,1963
1957,1959
1957,1961
1957,6822
1959,1957
1959,1961
1959,6822
1961,1957
1961,1959
1961,6822
1963,1955
1965,1910
1969,1913
1993,1867
1993,1869
1995,1763
1997,6731
2003,2004
2003,9596
2004,2003
2004,9596
2017,1896
2022,7166
2033,2085
2042,2057
2057,2042
2079,2091
2085,2033
2091,2079
2095,9142
2105,7362
2109,2134
2109,2309
2109,7225
2116,7246
2130,2136
2130,2138
2130,2236
2130,2258
2130,2395
2134,2109
2134,2164
2134,2309
2134,2345
2134,7225
2136,2130
2136,2138
2136,2236
2136,2258
2136,2395
2138,2130
2138,2136
2138,2236
2138,2258
2138,2395
2142,8938
2156,7227
2158,7284
2164,2134
2164,2345
2164,7225
2170,8995
2172,7295
2197,2466
2215,9085
2217,7641
2223,2263
2227,2502
2239,8218
2243,2318
2247,2249
2247,2502
2247,2504
2249,2247
2249,2502
2249,2504
2263,2223
2263,2513
2275,2468
2275,8184
2285,2406
2287,8432
2310,2332
2310,2372
2316,2447
2318,2243
2321,2483
2328,7646
2330,2496
2332,2310
2346,8496
2368,8652
2372,2310
2383,8305
2386,2485
2388,2487
2388,8069
2406,2285
2410,7891
2415,8161
2418,9168
2418,8267
2447,2316
2449,2483
2449,2498
2453,2463
2463,2453
2466,2197
2468,2275
2468,8184
2474,2476
2474,2478
2474,2479
2476,2474
2476,2478
2476,2479
2478,2474
2478,2476
2479,2474
2479,2476
2481,8511
2483,2321
2483,2449
2483,2498
2485,2386
2487,2388
2496,2330
2498,2449
2498,2483
2502,2227
2502,2247
2502,2249
2502,2504
2504,2247
2504,2249
2504,2502
2526,7525
2528,7519
2532,7515
2532,8713
2534,7517
2513,2263
2539,2586
2539,9527
2539,8500
2556,2669
2556,8132
2586,2539
2586,9527
2586,7851
2586,8473
2586,8500
2601,509
2605,7853
2617,7935
2627,7839
2639,7769
2650,8307
2669,2556
2669,7776
2669,8132
2671,2714
2676,8320
2680,7590
2694,2696
2696,2694
2706,7931
2708,8103
2714,2671
2736,2757
2751,2871
2753,9532
2757,2736
2764,2772
2768,2811
2768,9498
2772,2764
2781,9543
2811,2768
2811,9497
2941,2959
2824,8620
2836,7863
2860,7614
2860,7890
2864,9113
2871,2751
2873,2875
2873,7997
2875,2873
2907,3520
2913,3563
2919,3379
2927,3031
2939,3229
2959,2941
2961,3364
2965,3066
2990,3050
2994,3169
2999,3029
3001,3547
3010,3237
3018,3137
3027,3469
3029,2999
3029,3093
3031,2927
3042,3393
3050,2990
3066,2965
3068,3282
3079,3402
3081,3407
3083,3186
3093,3029
3093,3512
3095,3559
3095,3561
3099,3557
3099,3559
3099,3561
3108,3270
3116,3263
3136,3145
3137,3018
3141,3144
3144,3141
3150,3338
3156,3351
3169,2994
3140,8698
3145,3136
3159,9024
3176,3180
3176,3182
3176,3187
3176,9023
3176,9028
3176,9030
3178,9029
3183,3317
3183,3582
3186,3083
3190,3453
3194,3457
3211,3213
3211,3551
3213,3211
3213,3551
3215,3553
3219,3565
3180,3176
3180,3182
3180,3187
3180,9023
3180,9028
3180,9030
3182,3176
3182,3180
3182,3187
3182,9023
3182,9028
3182,9030
3185,9025
3185,9027
3187,3176
3187,3180
3187,3182
3187,9023
3187,9025
3187,9028
3187,9030
3193,3255
3205,1714
3216,9026
3220,3258
3226,1739
3228,3305
3249,3277
3255,3193
3258,3220
3223,3315
3229,2939
3237,3010
3248,3250
3250,3248
3252,3254
3254,3252
3262,3394
3262,3440
3275,3489
3277,3249
3281,1697
3296,1710
3298,3418
3302,3361
3305,3228
3263,3116
3267,3269
3269,3267
3270,3108
3282,3068
3285,3287
3287,3285
3315,3223
3315,3317
3317,3183
3317,3315
3317,3582
3319,3323
3321,3323
3323,3319
3323,3321
3338,3150
3342,3344
3342,3347
3308,8694
3331,1630
3335,3429
3345,3404
3344,3342
3344,3347
3347,3342
3347,3344
3349,3351
3349,3353
3351,3156
3351,3349
3351,3353
3353,3349
3353,3351
3355,3482
3355,3571
3364,2961
3375,3377
3375,3430
3377,3375
3377,3428
3379,2919
3361,3302
3371,3462
3378,1625
3384,1716
3393,3042
3400,3402
3400,3405
3402,3079
3402,3400
3405,3400
3407,3081
3394,3262
3394,3440
3404,3345
3404,8694
3418,3298
3429,3335
3428,3377
3428,3430
3430,3375
3430,3428
3441,3443
3441,3445
3443,3441
3443,3447
3445,3441
3447,3443
3453,3190
3457,3194
3469,3027
3470,9743
3472,3474
3472,9744
3440,3262
3440,3394
3450,1699
3462,3371
3474,3472
3474,9745
3489,3275
3482,3355
3488,3490
3490,3488
3490,3514
3494,3527
3500,3502
3502,3500
3512,3093
3514,3490
3516,3522
3518,3523
3520,2907
3522,3516
3523,3518
3527,3494
3532,3569
3538,3540
3540,3538
3547,3001
3580,3573
3582,3183
3582,3317
3582,3575
3586,3588
3588,3586
3551,3211
3551,3213
3553,3215
3557,3099
3557,3559
3557,3561
3559,3095
3559,3099
3559,3557
3559,3561
3561,3095
3561,3099
3561,3557
3561,3559
3563,2913
3565,3219
3569,3532
3571,3355
3573,3580
3575,3582
3601,3603
3601,3606
3601,3608
3603,3601
3603,3606
3603,3610
3606,3601
3606,3603
3608,3601
3608,3610
3610,3603
3610,3608
3612,3613
3613,3612
3613,3616
3616,3613
3620,5061
3620,8974
3622,3623
3623,3622
3631,8974
3631,8975
3631,8976
3637,3692
3644,3671
3650,6951
3651,3684
3653,3686
3655,3678
3655,3690
3657,3693
3669,3779
3671,3644
3676,3702
3678,3655
3678,3690
3684,3651
3686,3653
3688,3708
3690,3655
3690,3678
3692,3637
3693,3657
3700,3709
3702,3676
3706,3744
3708,3688
3709,3700
3711,3724
3713,3726
3722,3746
3724,3711
3726,3713
3736,3760
3740,3766
3740,3769
3740,3771
3740,3773
3744,3706
3746,3722
3753,3787
3760,3736
3766,3740
3766,3769
3769,3740
3769,3766
3771,3740
3773,3740
3779,3669
3787,3753
3787,3789
3789,3787
3847,3870
3849,3885
3849,9204
3855,9203
3870,3847
3885,3849
3910,3964
3936,8740
3950,4013
3916,3928
3928,3916
3962,9749
3964,3910
3975,4021
4000,4049
4007,4064
4007,4070
4013,3950
4021,3975
4027,4093
4029,4093
4031,4033
4033,4031
4033,4035
4035,4033
4035,4095
4049,4000
4054,9207
4064,4007
4070,4007
4080,4089
4089,4080
4093,4027
4093,4029
4095,4035
4107,4373
4115,4527
4128,4158
4145,4505
4147,4196
4147,4252
4149,4191
4151,4348
4154,4196
4158,4128
4162,4209
4162,4275
4164,4392
4168,4294
4181,4185
4181,4298
4185,4181
4185,4298
4187,4286
4191,4149
4196,4147
4196,4154
4196,4252
4209,4162
4213,4369
4213,4515
4215,4249
4249,4215
4252,4147
4252,4196
4275,4162
4277,4288
4281,4517
4286,4187
4288,4277
4294,4168
4298,4181
4298,4185
4311,4313
4313,4311
4315,4352
4331,4333
4331,4425
4333,4331
4333,4425
4369,4213
4369,4515
4348,4151
4352,4315
4366,4421
4366,4513
4373,4107
4390,4476
4392,4164
4399,4490
4401,4450
4403,4410
4410,4403
4410,4444
4415,4492
4421,4366
4421,4513
4425,4331
4425,4333
4438,4537
4444,4410
4450,4401
4463,4574
4476,4390
4490,4399
4492,4415
4505,4145
4509,4511
4511,4509
4513,4366
4513,4421
4515,4213
4515,4369
4517,4281
4527,4115
4537,4438
4574,4463
4576,4577
4577,4576
4596,4778
4596,4780
4598,4670
4604,4659
4610,4739
4621,4623
4623,4621
4632,4685
4634,4713
4636,4717
4644,4741
4644,4753
4667,4669
4667,4728
4667,4749
4667,4751
4669,4667
4669,4728
4669,4749
4669,4751
4670,4598
4685,4632
4687,4689
4659,4604
4661,4663
4663,4661
4689,4687
4691,4693
4693,4691
4703,4706
4706,4703
4713,4634
4717,4636
4724,4737
4726,4739
4728,4667
4728,4669
4728,4749
4728,4751
4737,4724
4739,4610
4739,4726
4739,4743
4739,4746
4741,4644
4741,4753
4743,4739
4746,4739
4749,4667
4749,4669
4749,4728
4749,4751
4751,4667
4751,4669
4751,4728
4751,4749
4753,4644
4753,4741
4766,4768
4768,4766
4770,4772
4772,4770
4774,4776
4776,4774
4778,4596
4778,4780
4780,4596
4780,4778
4782,4784
4784,4782
4786,4788
4788,4786
4790,4792
4790,4794
4792,4790
4794,4790
4796,4798
4796,4799
4798,4796
4798,4799
4799,4796
4799,4798
4801,4803
4803,4801
4812,4937
4814,4822
4814,4899
4818,4868
4822,4814
4822,1
4822,25
4850,4862
4860,59
4862,4850
4862,4916
4868,4818
4881,4968
4889,8743
4899,4814
4914,4939
4914,5013
4916,4862
4922,4960
4924,4925
4924,4968
4925,4924
4925,4968
4978,4976
4937,4812
4939,4914
4939,5011
4943,5015
4955,4970
4960,4922
4962,4964
4964,4962
4968,4881
4968,4924
4968,4925
4970,4955
4976,4978
4982,4984
4984,4982
4986,4988
4986,679
4988,4986
4988,679
5006,5008
5008,5006
5011,4939
5011,5013
5013,4914
5013,5011
5015,4943
5019,599
5021,5023
5023,5021
5031,5410
5031,5686
5053,1464
5055,1301
5056,934
5057,1708
5061,3620
5063,5109
5063,9099
5068,5154
5068,5238
5070,5087
5072,5498
5087,5070
5109,5063
5109,9099
5113,5232
5113,5602
5118,5194
5118,5248
5118,5249
5118,5251
5130,5349
5148,5150
5150,5148
5154,5068
5154,5238
5172,5490
5188,5364
5190,5376
5190,5378
5190,5641
5194,5118
5194,5248
5194,5249
5194,5251
5196,5672
5198,5400
5232,5113
5238,5068
5238,5154
5242,5644
5248,5118
5248,5194
5248,5249
5248,5251
5249,5118
5249,5194
5249,5248
5249,5251
5251,5118
5251,5194
5251,5248
5251,5249
5267,5464
5269,5275
5271,5277
5273,5446
5275,5269
5277,5271
5290,5293
5293,5290
5327,5557
5331,5333
5333,5331
5337,5598
5341,5600
5349,5130
5364,5188
5376,5190
5376,5378
5378,5190
5378,5376
5378,5641
5380,5639
5380,5643
5380,5646
5389,5654
5389,5656
5393,5394
5394,5393
5398,5668
5398,5670
5400,5198
5402,5674
5402,5676
5404,5678
5410,5031
5417,5420
5420,5417
5432,5458
5432,5692
5434,5462
5434,5697
5446,5273
5478,5480
5480,5478
5458,5432
5458,5692
5462,5434
5462,5697
5464,5267
5490,5172
5498,5072
5547,5549
5549,5547
5557,5327
5567,5569
5569,5567
5598,5337
5600,5341
5602,5113
5639,5380
5639,5646
5641,5190
5641,5378
5643,5380
5644,5242
5646,5380
5646,5639
5654,5389
5654,5656
5656,5389
5656,5654
5658,5660
5660,5658
5668,5398
5668,5670
5670,5398
5670,5668
5672,5196
5674,5402
5674,5676
5676,5402
5676,5674
5678,5404
5682,5686
5684,5686
5686,5031
5686,5682
5686,5684
5692,5432
5692,5458
5697,5434
5697,5462
5703,5704
5703,5706
5704,5703
5704,5706
5706,5703
5706,5704
5717,5803
5719,5741
5725,6184
5725,6185
5729,5817
5737,5812
5741,5719
5745,5843
5759,5956
5761,6151
5764,5877
5768,5871
5770,5772
5770,5999
5772,5770
5772,5999
5788,5837
5788,5948
5788,6003
5789,5791
5789,5859
5791,5789
5791,5891
5803,5717
5806,5912
5812,5737
5817,5729
5830,5928
5837,5788
5837,5948
5837,6003
5843,5745
5859,5789
5867,6032
5882,6211
5884,5980
5871,5768
5877,5764
5887,5938
5891,5791
5891,6175
5893,6130
5893,6132
5895,6001
5897,6101
5912,5806
5914,5970
5926,6190
5928,5830
5934,5985
5938,5887
5948,5788
5948,5837
5948,6003
5952,5997
5952,6091
5956,5759
5970,5914
5980,5884
5985,5934
5991,6081
5997,5952
5997,6091
5999,5770
5999,5772
6001,5895
6003,5788
6003,5837
6003,5948
6010,6101
6023,6025
6023,6122
6023,6124
6025,6023
6025,6124
6032,5867
6039,6041
6039,6043
6041,6039
6043,6039
6072,6219
6072,6221
6081,5991
6081,6112
6091,5952
6091,5997
6101,5897
6101,6010
6107,6109
6109,6107
6112,6081
6118,6120
6120,6118
6122,6023
6122,6124
6124,6023
6124,6025
6124,6122
6130,5893
6132,5893
6140,6143
6143,6140
6151,5761
6175,5891
6184,5725
6185,5725
6190,5926
6196,6198
6196,6200
6198,6196
6198,6200
6200,6196
6200,6198
6206,6208
6208,6206
6211,5882
6219,6072
6219,6221
6221,6072
6221,6219
6234,6240
6234,6315
6238,6240
6238,6254
6240,6234
6240,6238
6240,6250
6240,6254
6242,6271
6242,8708
6250,6240
6250,6261
6254,6238
6254,6240
6261,6250
6271,6242
6271,8708
6281,6338
6289,6453
6297,6324
6307,6340
6315,6234
6317,6426
6324,6297
6324,6326
6326,6324
6338,6281
6340,6307
6371,6444
6426,6317
6426,6428
6428,6426
6444,6371
6453,6289
6466,8709
6473,6487
6475,6481
6481,6475
6487,6473
6497,6503
6497,6537
6503,6497
6517,6539
6537,6497
6539,6517
6548,6550
6550,6548
6588,6676
6588,6678
6590,6581
6581,6590
6598,6662
6602,6719
6606,6688
6609,6650
6621,6680
6646,6702
6650,6609
6656,6713
6662,6598
6676,6588
6678,6588
6680,6621
6684,6720
6684,6724
6688,6606
6690,6728
6692,6728
6702,6646
6713,6656
6719,6602
6720,6684
6720,6724
6724,6684
6724,6720
6728,6690
6728,6692
6744,6934
6746,6748
6746,7032
6748,6746
6748,6961
6748,7032
6750,6758
6752,6779
6756,6798
6756,6889
6758,6750
6760,6762
6762,6760
6775,6898
6775,7012
6777,7028
6779,6752
6781,6810
6798,6756
6798,6889
6810,6781
6816,6882
6827,6941
6830,6999
6847,6905
6847,7190
6849,7243
6851,7102
6871,7192
6882,6816
6885,7076
6889,6756
6889,6798
6891,7110
6898,6775
6898,7012
6900,7013
6905,6847
6905,7190
6913,6937
6934,6744
6937,6913
6941,6827
6949,7010
6951,3650
6961,6748
6967,7194
6982,7277
6987,7321
6989,7104
6999,6830
7010,6949
7012,6775
7012,6898
7013,6900
7028,6777
7032,6746
7032,6748
7061,7269
7076,6885
7102,6851
7104,6989
7110,6891
7140,7163
7163,7140
7190,6847
7190,6905
7192,6871
7194,6967
7226,7306
7243,6849
7269,7061
7277,6982
7306,7226
7285,7287
7287,7285
7292,7294
7294,7292
7321,6987
7359,7380
7361,8714
7376,7370
7376,9646
7380,7359
7382,7479
7384,7417
7386,7516
7388,7473
7403,7431
7366,7592
7366,7594
7368,7456
7370,7376
7370,9646
7372,7448
7375,7549
7415,7477
7417,7384
7421,7617
7425,7471
7431,7403
7448,7372
7452,9847
7456,7368
7468,7610
7471,7425
7471,9847
7473,7388
7475,9846
7477,7415
7479,7382
8053,8034
7516,7386
7549,7375
7551,7553
7553,7551
7592,7366
7592,7594
7594,7366
7594,7592
7610,7468
7617,7421
7631,7633
7633,7631
7649,7651
7651,7649
7653,7662
7653,7682
7653,7725
7654,7660
7654,7731
7658,7736
7660,7654
7660,7731
7662,7653
7662,7682
7662,7725
7680,7706
7682,7653
7682,7662
7682,7725
7693,7694
7693,7714
7694,7693
7694,7714
7698,7700
7700,7698
7704,7711
7706,7680
7711,7704
7714,7693
7714,7694
7725,7653
7725,7662
7725,7682
7731,7654
7731,7660
7736,7658
7752,7756
7756,7752
7760,7761
7760,7763
7761,7760
7761,7763
7763,7760
7763,7761
7782,7786
7786,7782
7786,7927
7809,7889
7811,7869
7811,7906
7815,7916
7815,7962
7818,7848
7834,7875
7842,7962
7848,7818
7860,7893
7860,7895
7860,7982
7864,7938
7869,7811
7869,7906
7875,7834
7877,7880
7880,7877
7880,7954
7889,7809
7893,7860
7893,7895
7893,7982
7895,7860
7895,7893
7895,7982
7902,7996
7902,7998
7902,8000
7904,7943
7904,7945
7904,7947
7906,7811
7906,7869
7916,7815
7916,7962
7927,7786
7938,7864
7940,9262
7940,9263
7943,7904
7943,7945
7943,7947
7945,7904
7945,7943
7945,7947
7945,7998
7947,7904
7947,7943
7947,7945
7947,8000
7954,7880
7962,7815
7962,7842
7962,7916
7973,7975
7975,7973
7982,7860
7982,7893
7982,7895
7996,7902
7996,7998
7996,8000
7998,7902
7998,7945
7998,7996
7998,8000
8000,7902
8000,7947
8000,7996
8000,7998
8028,8036
8034,8053
8036,8028
8104,8108
8108,8104
8111,8183
8113,8121
8119,8129
8119,9650
8121,8113
8123,8189
8123,8192
8125,8127
8125,8133
8125,8142
8125,8144
8125,8168
8127,8125
8127,8133
8127,8142
8129,8119
8129,9650
8131,8149
8133,8125
8133,8127
8133,8142
8133,8168
8142,8125
8142,8127
8142,8133
8142,8168
8144,8125
8149,8131
8156,8158
8158,8156
8168,8125
8168,8133
8168,8142
8183,8111
8189,8123
8189,8192
8190,8192
8192,8123
8192,8189
8192,8190
8194,8244
8194,8348
8196,8252
8196,8286
8196,3574
8196,4530
8196,4589
8196,5696
8198,8646
8202,8350
8202,8352
8202,9565
8202,5208
8204,9553
8204,3867
8206,8211
8206,4337
8206,5155
8207,4067
8207,4246
8207,4555
8207,5441
8209,8219
8211,8206
8211,8244
8211,4337
8211,5155
8213,8717
8215,8232
8217,4859
8217,5923
8219,8209
8221,8293
8225,8228
8227,8238
8228,8225
8230,8370
8232,8215
8234,8386
8234,8715
8234,4400
8234,5911
8238,8227
8244,8194
8244,8211
8244,8348
8244,5155
8246,5326
8252,8196
8252,8286
8252,3574
8252,4530
8252,4589
8252,5696
8257,8398
8257,8400
8257,9778
8268,8270
8270,8268
8277,4161
8279,8360
8279,3562
8279,3788
8281,3568
8281,5272
8283,8608
8283,3564
8283,4682
8283,5523
8286,8196
8286,8252
8286,3574
8286,4530
8286,4589
8286,5696
8288,4008
8288,4349
8293,8221
8299,5018
8301,3898
8304,8386
8304,4400
8304,5911
8316,8449
8318,8429
8318,8431
8323,8454
8341,3935
8343,4742
8348,8194
8348,8244
8348,3959
8350,8202
8350,8352
8350,9565
8350,5208
8352,8202
8352,8350
8352,5208
8356,4775
8356,5104
8358,4613
8360,8279
8360,3562
8360,3788
8362,3566
8362,3923
8362,4919
8364,5525
8366,5525
8370,8230
8382,4416
8386,8234
8386,8304
8386,8715
8386,4400
8386,4878
8386,5911
8396,6306
8398,8257
8398,9778
8400,8257
8400,9778
8402,5804
8402,6320
8408,9794
8412,9796
8429,8318
8429,8431
8431,8318
8431,8429
8434,8436
8434,8438
8436,8434
8438,8434
8442,8447
8447,8442
8449,8316
8451,8458
8454,8323
8458,8451
8528,8530
8530,8528
8536,8673
8566,5963
8568,5283
8570,5718
8572,5818
8572,6133
8574,5538
8576,3953
8584,4557
8584,5443
8586,8589
8589,8586
8589,8591
8591,8589
8596,4811
8598,4977
8599,5033
8606,4475
8608,8283
8608,3564
8608,4682
8608,5523
8611,5324
8613,3941
8615,5270
8617,4282
8621,8623
8621,4276
8621,4832
8623,8621
8623,4276
8639,5687
8642,5330
8644,9786
8644,4179
8644,5693
8644,5807
8644,6304
8646,8198
8648,9787
8648,4969
8648,5613
8670,4477
8673,8536
8677,4971
8694,3308
8694,3404
8698,3140
8708,6242
8708,6271
8709,6466
8714,7361
8715,8234
8715,8386
8715,4400
8715,4878
8715,5911
8717,8213
8722,8803
8723,600
8734,1724
8735,7101
8740,3936
8743,4889
8747,8241
8752,1010
8798,247
8801,8802
8802,8801
8803,8722
8820,1093
8815,8816
8816,8815
8817,1051
8817,1160
8834,8839
8839,8834
8913,817
8926,1758
8938,2142
8941,7166
8947,8948
8948,8947
8892,407
8894,526
8894,8911
8895,483
8895,572
8895,8912
8897,8901
8897,8908
8899,364
8901,8897
8901,8905
8902,8906
8905,8901
8905,8908
8906,8902
8908,8897
8908,8905
8910,542
8910,742
8911,526
8911,8894
8912,483
8912,572
8912,8895
8942,7139
8968,9031
8970,1674
8974,3620
8974,3631
8974,8975
8974,8976
8975,3631
8975,8974
8975,8976
8976,3631
8976,8974
8976,8975
9001,219
9002,138
9004,550
9004,576
9004,604
9004,9005
9004,9679
9005,550
9005,576
9005,604
9005,9004
9005,9679
9011,1197
9012,1028
9013,1140
9017,948
9023,3176
9023,3180
9023,3182
9023,3187
9023,9028
9023,9030
9024,3159
9025,3185
9025,3187
9025,9027
9026,3216
9027,3185
9027,9025
9028,3176
9028,3180
9028,3182
9028,3187
9028,9023
9028,9030
9029,3178
9030,3176
9030,3180
9030,3182
9030,3187
9030,9023
9030,9028
9031,8968
9035,1645
9035,1672
9035,9708
9070,7309
9049,7071
9053,7162
9085,2215
9055,7099
9058,7353
9061,7337
9066,7109
9067,7087
9071,7278
9072,7201
9074,7197
9075,7260
9076,7069
9077,7191
9082,7062
9089,8179
9099,5063
9099,5109
9117,228
9117,368
9117,9118
9118,9117
9122,226
9132,9133
9133,9132
9135,9138
9138,9135
9142,2095
9143,7103
9201,9202
9202,9201
9203,3855
9204,3849
9207,4054
9166,7605
9168,2418
9168,8267
9175,9524
9176,131
9191,9255
9212,152
9213,164
9214,264
9216,5050
9219,104
9221,130
9221,9222
9222,130
9222,9221
9262,7940
9262,9263
9263,7940
9263,9262
9255,9191
9265,3822
9266,9293
9270,9317
9270,4603
9272,4957
9273,9357
9273,5512
9275,9405
9275,4731
9275,5003
9277,9327
9277,9389
9277,3840
9277,4700
9277,4767
9278,4908
9280,4090
9282,9290
9283,9290
9283,9291
9283,3780
9283,3823
9283,4212
9284,895
9299,4650
9299,5433
9300,9267
9300,5763
9267,9300
9267,3737
9267,4869
9267,5669
9285,9400
9285,9401
9290,9282
9290,9283
9290,9291
9290,3823
9291,9283
9291,9290
9291,3780
9291,4212
9292,5769
9292,5905
9293,9266
9294,4959
9297,9313
9297,9346
9297,9347
9400,9285
9400,9401
9401,9285
9401,9400
9403,5191
9404,6062
9405,9275
9405,4731
9405,5003
9407,5760
9302,3835
9302,4134
9303,9338
9303,3882
9303,4280
9304,5785
9305,4237
9306,9331
9309,9431
9309,1544
9309,1903
9313,9297
9313,9346
9313,9347
9314,3848
9314,4104
9316,9361
9316,3896
9316,4272
9317,9270
9317,4603
9318,9370
9320,5675
9321,9386
9322,4611
9322,5012
9323,4110
9325,9388
9325,4647
9327,9277
9327,9389
9327,3840
9327,4700
9328,4441
9329,9420
9329,9427
9330,6051
9331,9306
9333,9334
9334,9333
9338,9303
9338,3882
9338,4280
9339,9391
9340,9394
9341,9397
9342,9393
9342,9398
9345,4997
9346,9297
9346,9313
9346,9347
9347,9297
9347,9313
9347,9346
9394,9340
9357,9273
9357,4214
9357,5512
9359,9360
9359,6047
9360,9359
9361,9316
9361,3896
9361,4272
9363,5888
9364,4765
9365,5187
9366,5758
9367,6260
9368,9369
9368,4199
9368,4414
9368,9757
9369,9368
9369,4199
9369,4414
9370,9318
9371,5086
9372,5095
9372,6288
9373,4357
9376,9377
9376,5090
9376,5199
9377,9376
9377,5090
9377,5199
9378,4626
9378,5599
9379,4802
9380,6267
9381,3903
9382,4624
9382,5143
9382,5585
9383,5145
9384,9385
9384,4624
9384,5143
9384,5890
9385,9384
9385,4075
9385,4624
9385,5143
9386,9321
9387,9388
9388,9325
9388,9387
9388,3974
9388,4647
9389,9277
9389,9327
9389,3840
9389,4767
9391,9339
9393,9342
9393,9398
9397,9341
9397,9399
9398,9342
9398,9393
9399,9397
9439,9447
9440,9442
9440,9456
9440,9468
9442,9440
9442,9456
9442,9468
9447,9439
9408,9410
9408,3615
9408,3607
9408,4733
9408,5310
9408,6255
9408,6256
9409,9410
9409,6044
9410,9408
9410,9409
9410,3615
9410,3607
9410,4733
9410,5310
9410,5673
9410,6255
9410,6256
9411,4645
9411,4870
9412,5883
9413,9414
9413,3604
9413,3605
9413,4022
9413,4308
9413,4825
9414,9413
9414,3604
9414,4022
9414,4308
9414,4825
9414,5141
9418,9419
9419,9418
9420,9329
9420,9426
9421,9422
9422,9421
9423,9424
9424,9423
9426,9420
9426,9427
9427,9329
9427,9426
9431,9309
9431,1903
9454,9455
9455,9454
9456,9440
9456,9442
9456,9468
9468,9440
9468,9442
9468,9456
9469,338
9543,2781
9523,7712
9524,9175
9526,7798
9527,2539
9527,2586
9527,7851
9527,8473
9527,8500
9529,9530
9529,9531
9530,9529
9530,9531
9531,9529
9531,9530
9532,2753
9553,8204
9556,4144
9565,8202
9565,8350
9565,5208
9571,9572
9572,9571
9574,9575
9574,5212
9574,6100
9575,9574
9575,5212
9575,6100
9579,509
9581,889
9582,887
9587,1775
9588,2098
9589,1369
9589,9590
9590,1381
9590,9589
9594,6667
9596,2003
9596,2004
9597,6706
9598,1806
9646,7376
9646,7370
9651,3774
9651,6302
9652,3892
9650,8119
9650,8129
9653,268
9655,9663
9656,9663
9656,1323
9658,9680
9659,9228
9661,1347
9663,497
9663,9655
9663,9656
9663,1120
9668,578
9669,1325
9674,756
9674,883
9675,416
9677,1026
9679,550
9679,576
9679,604
9679,9004
9679,9005
9680,9658
9708,1645
9708,1672
9708,9035
9743,3470
9744,3472
9744,9745
9745,3474
9745,9744
9749,3962
9778,8257
9778,8398
9778,8400
9782,9783
9782,6320
9783,9782
9783,6320
9786,8644
9786,4179
9786,5693
9786,5807
9786,6304
9787,8648
9787,4629
9787,4969
9787,5326
9787,5613
9788,9789
9788,9790
9788,6469
9789,9788
9789,9790
9789,5698
9790,9788
9790,9789
9791,9792
9792,9791
9794,8408
9796,8412
9822,1837
9846,7475
9847,7452
9847,7471
9813,6975
9814,6901
9815,6933
9817,1589
9819,1894
9823,6757
9849,1444
9852,344
9856,9857
9856,9858
9857,9856
9857,9858
9858,9856
9858,9857
1,4822
1,25
5,49
7,37
11,27
13,57
15,91
17,33
25,4822
25,1
27,11
33,17
35,8879
37,7
49,5
57,13
59,4860
75,81
81,75
91,15
97,8
99,133
99,178
101,145
101,278
105,151
111,4
113,94
125,74
129,2
131,52
131,9176
134,44
138,9002
144,220
144,202
146,12
148,28
152,9212
154,135
158,167
160,26
164,9213
168,34
174,46
176,157
178,133
178,99
184,40
186,42
192,14
196,227
200,36
202,144
204,153
208,58
210,68
213,149
217,38
219,9001
227,196
231,48
233,58
237,203
252,260
256,304
256,353
256,419
260,252
264,9214
268,9653
278,101
280,195
286,177
296,408
296,486
296,507
296,549
296,579
304,256
304,353
314,70
335,90
341,137
347,201
353,256
353,304
355,373
365,78
367,415
371,76
373,355
394,199
398,417
398,9808
400,451
400,496
408,296
408,579
413,457
415,367
417,398
417,9808
419,256
421,453
421,587
421,9853
427,447
427,471
427,9657
433,479
433,9123
848,846
441,84
447,427
447,471
447,9657
451,400
451,496
453,421
453,587
453,9853
457,413
471,427
471,447
471,9657
479,433
479,9123
486,296
490,617
494,201
496,400
496,451
507,296
509,2601
509,9579
523,114
537,567
541,597
541,712
543,563
547,633
549,296
559,573
563,543
567,537
573,559
579,296
579,408
587,421
587,453
587,9853
597,541
597,712
599,5019
603,605
603,655
605,603
607,657
609,747
611,102
617,490
623,9811
625,9006
629,9584
633,547
635,775
638,706
640,657
646,741
646,765
646,767
646,779
655,603
655,694
655,9008
657,607
657,640
657,708
657,9007
659,710
671,673
671,696
671,716
671,749
673,671
673,696
673,716
673,749
679,4986
679,4988
682,730
682,741
682,763
686,745
686,773
694,655
696,671
696,673
696,716
696,749
706,638
708,657
710,659
712,541
712,597
716,671
716,673
716,696
716,749
730,682
730,763
741,646
741,682
741,765
741,767
741,779
745,686
745,773
747,609
749,671
749,673
749,696
749,716
749,751
751,749
763,682
763,730
765,646
765,741
765,767
765,779
767,646
767,741
767,765
773,686
773,745
775,635
779,646
779,741
779,765
794,796
796,794
846,848
806,8808
814,1058
814,1082
838,840
840,838
842,852
862,299
862,313
862,869
862,908
858,965
865,1170
869,299
869,313
869,862
869,908
873,391
882,968
884,968
884,1362
886,336
886,574
886,1009
852,842
887,9582
889,9581
891,430
893,691
893,1436
895,9284
900,930
902,289
904,334
904,362
904,914
908,307
908,862
908,869
910,912
910,1080
910,1088
912,910
912,1080
912,1088
914,334
914,362
914,904
918,321
920,249
920,261
920,954
922,986
922,1308
926,241
926,938
926,1040
930,900
932,993
932,1205
934,5056
938,241
938,263
938,926
938,976
938,1040
940,281
940,315
940,982
940,1020
946,8824
948,9017
954,249
954,261
954,920
960,393
962,1013
962,1306
964,570
968,882
968,884
976,263
976,386
976,450
976,938
976,1102
976,1122
978,1581
982,281
982,315
982,395
982,940
982,1157
986,922
986,1308
993,932
993,1205
2968,2932
1009,336
1009,574
1009,886
1011,1042
1013,962
1013,1306
1020,281
1020,395
1020,940
1020,1157
1024,1232
1026,9677
1028,9012
1030,1267
1034,1169
1038,342
1040,241
1040,926
1040,938
1042,1011
1044,9506
1046,729
1046,793
1050,380
1050,446
1052,454
1056,1450
1058,814
1058,1082
1306,962
1306,1013
1070,1691
1074,322
1076,616
1078,434
1080,910
1080,912
1080,1088
1082,814
1082,1058
1088,910
1088,912
1088,1080
1092,372
1094,480
1094,520
1096,409
1102,263
1102,386
1102,450
1102,976
1102,1122
1104,546
1106,1300
1108,983
1308,922
1308,986
1120,497
1120,9663
1122,386
1122,450
1122,976
1122,1102
1126,401
1133,813
1135,1281
1135,1819
1149,382
1157,315
1157,395
1157,982
1157,1020
1167,1041
1167,9676
1169,1034
1173,1433
1177,1325
1195,1000
1195,1415
1195,1809
1197,9011
1199,1152
1199,1276
1205,932
1205,993
1209,697
1217,426
1219,1467
1232,1024
1234,1413
1238,1258
1240,1392
1246,961
1250,516
1250,8684
1254,458
1258,1238
1262,1614
1267,1030
1273,9593
1276,1237
1276,1199
1276,1804
1281,1135
1281,1819
1289,1661
1293,8924
1301,5055
1314,963
1316,939
1323,9656
1325,9669
1325,1177
1341,1607
1343,1317
1345,1596
1347,9661
1358,462
1362,884
1364,1488
1364,1918
1366,1923
1378,327
1378,590
1378,1516
1378,1545
1391,829
1391,831
1391,9502
1382,346
1382,438
1382,687
1382,1652
1382,1817
1392,1240
1396,1333
1413,1234
1415,1195
1415,1809
1433,1173
1436,691
1436,893
1438,9019
1444,9849
1450,1056
1452,9129
1452,9130
1460,1650
1464,5053
1467,1219
1478,311
1478,9507
1480,1864
1488,1364
1488,1942
1496,1796
1498,1557
1504,1863
1504,2008
1512,705
1514,1043
1516,397
1516,590
1516,1378
1522,1671
1522,1875
1522,1937
1533,1566
1538,584
1542,1868
1544,9309
1545,327
1545,1378
1547,699
1549,1624
1553,358
1557,1498
1559,1568
1559,9701
1562,1631
1566,1533
1568,1559
1568,9701
1581,978
1592,1873
1596,1345
1586,2036
1586,9861
1607,1341
1609,1921
1614,1262
1620,1745
1624,1549
1624,1832
1631,1562
1648,344
1650,1460
1652,346
1652,438
1652,687
1652,1382
1652,1817
1656,1821
1661,1289
1665,707
1665,825
1671,1522
1671,1937
1687,9723
1689,713
1691,1070
1692,324
1692,1705
1692,1727
1696,530
1705,354
1705,506
1705,1692
1705,1727
1705,2086
1707,2053
1723,9704
1725,487
1727,378
1727,1692
1727,1705
1736,534
1738,1848
1745,1620
1747,1889
1749,456
1751,656
1751,1779
1755,660
1757,9131
1761,502
1761,2010
1767,1788
1767,9514
1775,9587
1779,656
1779,1751
1786,452
1788,1767
1788,9514
1792,2102
1796,1496
1800,487
1804,1083
1804,1276
1809,1195
1809,1415
1817,346
1817,438
1817,687
1817,1382
1817,1652
1819,1135
1819,1281
1821,1656
2337,2579
1832,1624
1842,1863
1842,2008
1848,1738
1863,1504
1863,1842
1864,1480
1868,1542
1868,1950
1873,1592
1875,1522
1875,1937
1881,1980
1881,2060
1887,2002
1889,1747
1893,2108
1895,1968
1899,2064
1903,9309
1903,9431
1918,1364
1918,1942
1921,1609
1923,1366
1925,772
1927,432
1927,721
1927,8687
1929,2007
1937,1522
1937,1671
1937,1875
1942,1488
1942,1918
1950,1868
1952,1980
1952,2060
1968,328
1968,436
1968,1895
1968,1996
1972,662
1978,468
1978,2029
1980,1881
1980,1952
1984,9518
1988,378
1988,2016
1988,2045
1990,9861
1994,330
1994,2020
1994,2032
1996,328
1996,436
1996,1968
2002,1887
2007,1929
2008,1504
2008,1842
2010,502
2010,1761
2012,664
2016,506
2016,1988
2016,2045
2018,2020
2020,1994
2020,2018
2029,468
2029,1978
2032,330
2032,1994
2036,1586
2036,9861
2040,2062
2045,1988
2045,2016
2053,1707
2058,1275
2060,1881
2060,1952
2062,2040
2064,1899
2086,354
2086,506
2086,1705
2094,8934
2096,2102
2096,2117
2096,9861
2098,9588
2102,1792
2102,2096
2108,1893
2117,2096
2117,9861
2125,2129
2127,2157
2129,2125
2147,2167
2151,2214
2151,9726
2157,2127
2182,2229
2167,2147
2177,2222
2177,7414
2236,2130
2236,2136
2236,2138
2236,2258
2236,2395
2206,7457
2214,2151
2218,9724
2220,2222
2222,2177
2222,2220
2229,2182
2231,2234
2232,2251
2234,2231
2238,2242
2242,2238
9495,8778
2246,2250
2246,2391
2250,2246
2250,2391
2251,2232
2256,2398
2258,2130
2258,2136
2258,2138
2258,2236
2258,2395
2268,2298
2280,2319
2294,2361
2298,2268
2298,2356
2300,7599
2303,2387
2309,2109
2309,2134
2309,7225
2311,2432
2315,9603
2319,2280
2327,2436
2341,2367
2341,2471
2343,2404
2345,2134
2345,2164
2345,7225
2352,2425
2356,2298
2361,2294
2367,2341
2367,2471
2371,7632
2382,2665
2384,2529
2387,2303
2391,2246
2391,2250
2395,2130
2395,2136
2395,2138
2395,2236
2395,2258
2397,2559
2398,2256
2404,2343
2407,2444
2414,2614
2425,2352
2432,2311
2434,2480
2436,2327
2444,2407
2456,2624
2456,2663
2458,2687
2464,2507
2471,2341
2471,2367
2480,2434
2482,2598
2484,2630
2484,2689
2484,2691
2495,2572
2507,2464
2520,2659
2522,9169
2527,2538
2529,2384
2538,2527
2559,2397
2572,2495
2579,2337
2587,2600
2587,2636
2593,2618
2707,2644
2598,2482
2600,2587
2614,2414
2618,2593
2624,2456
2624,2663
2630,2484
2630,2689
2630,2691
2636,2587
2644,2707
2647,2672
2659,2520
2663,2456
2663,2624
2665,2382
2672,2647
2677,2693
2681,2683
2683,2681
2687,2458
2689,2484
2689,2630
2689,2691
2691,2484
2691,2630
2691,2689
2693,2677
2711,2713
2713,2711
2723,2814
2743,2874
2752,2984
2762,9181
2765,3080
2767,3017
2771,2889
2778,3026
2780,3117
2800,2848
2802,2810
2810,2802
2814,2723
2845,2869
2848,2800
2867,2900
2869,2845
2874,2743
2885,2918
2889,2771
2900,2867
2918,2885
2918,2920
2918,2928
2920,2918
2920,2928
2928,2918
2928,2920
2932,2968
2946,2948
2948,2946
2962,9174
2980,2989
2980,3030
2980,3043
2982,9173
2984,2752
2989,2980
2989,3030
2989,3043
3015,3071
3015,3096
3015,3100
3015,3102
3015,3115
3015,3121
3017,2767
3026,2778
3030,2980
3030,2989
3030,3043
3043,2980
3043,2989
3043,3030
3053,7872
3071,3015
3071,3096
3071,3100
3071,3102
3071,3115
3071,3121
3080,2765
3096,3015
3096,3071
3096,3100
3096,3102
3096,3115
3096,3121
3100,3015
3100,3071
3100,3096
3100,3102
3100,3115
3100,3121
3102,3015
3102,3071
3102,3096
3102,3100
3102,3115
3102,3121
3115,3015
3115,3071
3115,3096
3115,3100
3115,3102
3115,3121
3117,2780
3119,8056
3121,3015
3121,3071
3121,3096
3121,3100
3121,3102
3121,3115
3866,4898
3535,3543
3543,3535
3552,3585
3558,3689
3562,8279
3562,8360
3562,3788
3564,8283
3564,8608
3564,4682
3564,5523
3566,8362
3566,3806
3566,3923
3566,4919
3568,8281
3568,5272
3570,3572
3570,3675
3570,4039
3572,3570
3572,3675
3574,8196
3574,8252
3574,8286
3574,4530
3574,4589
3574,5696
3577,9625
3581,4316
3583,3590
3583,4516
3583,9620
3585,3552
3585,3594
3585,4334
3585,9613
3590,3583
3590,4516
3590,9620
3615,9408
3615,9410
3615,3607
3615,4733
3615,4735
3615,5310
3615,5673
3615,6255
3615,6256
3617,3630
3619,3658
3619,3761
3619,3842
3628,3638
3630,3617
3594,3585
3594,4334
3594,9613
3596,4538
3598,4261
3598,4694
3600,3660
3600,3662
3600,3674
3604,9413
3604,9414
3604,4022
3604,4308
3604,4825
3605,9413
3607,9408
3607,9410
3607,3615
3607,4733
3607,4735
3607,5310
3607,5673
3607,6044
3607,6255
3607,6256
3609,5310
3611,4112
3634,4549
3638,3628
3645,6037
3645,6253
3649,5318
3652,6069
3654,3698
3654,3701
3654,3719
3654,3816
3656,3691
3658,3619
3658,3670
3658,3761
3658,3842
3660,3600
3660,3662
3660,3674
3660,3687
3662,3600
3662,3660
3662,3674
3664,3694
3664,3725
3666,3955
3670,3658
3670,3842
3672,3681
3674,3600
3674,3660
3674,3662
3675,3570
3675,3572
3675,4039
3677,3768
3677,4266
3679,3683
3679,3749
3681,3672
3683,3679
3687,3660
3687,4184
3687,8977
3689,3558
3691,3656
3694,3664
3694,3725
3696,3756
3698,3654
3698,3701
3698,3719
3698,3816
3701,3654
3701,3698
3701,3719
3703,4157
3705,3712
3710,4593
3712,3705
3719,3654
3719,3698
3719,3701
3719,3858
3719,4125
3725,3664
3725,3694
3728,3752
3728,3874
3735,3888
3737,9267
3737,4869
3737,5669
3739,4165
3749,3679
3749,4184
3750,3837
3750,4032
3750,4098
3750,4207
3750,4989
3752,3728
3756,3696
3758,4291
3761,3619
3761,3658
3761,3842
3763,4052
3767,3833
3767,4264
3767,4370
3767,9758
3767,9762
3768,3677
3768,4266
3770,3825
3774,9651
3774,3796
3774,3953
3774,6302
3778,4096
3778,4479
3780,9283
3780,9291
3780,4212
3782,3949
3782,4131
3788,8279
3788,8360
3788,3562
3790,3876
3796,3774
3796,3953
3796,6302
3798,4372
3798,4518
3800,4460
3804,4255
3806,3566
3806,4919
3812,4573
3816,3654
3816,3698
3816,3858
3822,9265
3823,9283
3823,9290
3825,3770
3833,3767
3833,5116
3833,9762
3835,9302
3835,4134
3835,4909
3837,3750
3837,4032
3840,9277
3840,9327
3840,9389
3840,4700
3840,4767
3842,3619
3842,3658
3842,3670
3842,3761
3848,9314
3848,4104
3850,4108
3850,4622
3854,3905
3856,4591
3858,3719
3858,3816
3860,4159
3864,4660
3867,8204
3867,3968
3867,4712
3874,3728
3876,3790
3880,5225
3882,9303
3882,9338
3882,4280
3886,4819
3888,3735
3890,6437
3892,9652
3892,4555
3896,9316
3896,9361
3896,4272
3898,8301
3903,9381
3905,3854
3915,4758
3919,3925
3919,4159
3923,8362
3923,3566
3923,4919
3925,3919
3925,3965
3929,5181
3929,9751
3935,8341
3941,8613
3943,3987
3943,4690
3949,3782
3949,4131
3951,5010
3951,5591
3953,8576
3953,3774
3953,3796
3953,6302
3955,3666
3959,8348
3959,4050
3965,3925
3965,4159
3967,4004
3968,3867
3968,4712
3972,5465
3974,9388
3987,3943
3987,4616
3987,4690
3987,9758
3989,4001
3989,4783
4001,3989
4001,4783
4004,3967
4008,8288
4008,4349
4010,4083
4012,4819
4016,4932
4018,4599
4018,5078
4022,9413
4022,9414
4022,3604
4022,4308
4022,4825
4022,5141
4026,4133
4028,4235
4032,3750
4032,3837
4032,4098
4032,4207
4032,4989
4034,4142
4034,4361
4039,3570
4039,3675
4050,3959
4052,3763
4053,5575
4067,8207
4067,4246
4067,4555
4067,5441
4253,4223
4075,9385
4075,4624
4075,5143
4075,5890
4108,3850
4108,4622
4110,9323
4112,3611
4083,4010
4083,5291
4090,9280
4096,3778
4096,4479
4098,3750
4098,4032
4104,9314
4104,3848
4125,3719
4125,4540
4125,4633
4131,3782
4131,3949
4133,4026
4134,9302
4134,3835
4142,4034
4142,4216
4142,4361
4144,9556
4157,3703
4159,3860
4159,3919
4159,3965
4161,8277
4165,3739
4173,5241
4175,4853
4179,8644
4179,9786
4179,5693
4179,5807
4179,6304
4184,3687
4184,3749
4186,4188
4186,4987
4188,4186
4188,4987
4190,4915
4194,4355
4194,6040
4199,9368
4199,9369
4199,4414
4205,4564
4207,3750
4207,4032
4212,9283
4212,9291
4212,3780
4214,9357
4216,4142
4221,9633
4223,4253
4225,4524
4227,4584
4235,4028
4237,9305
4246,8207
4246,4067
4246,4555
4246,5441
4255,3804
4261,3598
4261,4694
4264,3767
4264,9758
4264,9762
4266,3677
4266,3768
4266,5969
4272,9316
4272,9361
4272,3896
4276,8621
4276,8623
4278,4308
4280,9303
4280,9338
4280,3882
4282,8617
4289,5964
4291,3758
4293,4571
4302,4628
5033,8599
4308,9413
4308,9414
4308,3604
4308,4022
4308,4278
4308,4825
4314,6090
4316,3581
4318,5119
4318,5469
4321,9623
4323,8987
4332,4430
4334,3585
4334,3594
4334,9613
4337,8206
4337,8211
4337,5155
4349,8288
4349,4008
4353,4841
4355,4194
4357,9373
4361,4034
4361,4142
4365,5700
4367,4562
4367,4631
4370,3767
4370,4616
4370,9758
4370,9762
4372,3798
4372,4518
4383,4729
4387,5779
4387,5781
4396,6064
4398,4609
4398,6288
4400,8234
4400,8304
4400,8386
4400,8715
4400,4878
4400,5911
4414,9368
4414,9369
4414,4199
4414,9757
4416,8382
4430,4332
4441,9328
4447,5165
4447,5220
4447,5967
4458,4971
4458,5796
4460,3800
4462,5418
4475,8606
4477,8670
4479,3778
4479,4096
4481,4618
4493,4985
4500,5915
4510,5712
4512,5117
4516,3583
4516,3590
4516,9620
4518,3798
4518,4372
4524,4225
4530,8196
4530,8252
4530,8286
4530,3574
4530,4589
4530,5696
4536,5039
4538,3596
4540,4125
4542,4985
4546,4847
4546,5292
4546,5560
4548,5133
4549,3634
4551,9763
4555,8207
4555,3892
4555,4067
4555,4246
4555,5441
4557,8584
4557,5443
4562,4367
4562,4631
4564,4205
4571,4293
4573,3812
4584,4227
4589,8196
4589,8252
4589,8286
4589,3574
4589,4530
4589,5696
4591,3856
4593,3710
4597,4668
4599,4018
4599,5078
4603,9270
4603,9317
4609,4398
4609,6288
4611,9322
4611,5012
4613,8358
4616,3987
4616,4370
4616,4690
4618,4481
4618,5117
4622,3850
4622,4108
4624,9382
4624,9384
4624,9385
4624,4075
4624,5143
4624,5890
4626,9378
4626,5599
4628,4302
4629,9787
4629,4969
4629,5326
4629,5613
4631,4367
4631,4562
4631,4633
4633,4125
4633,4631
4637,4671
4637,5638
4639,5287
4639,5289
4641,5992
4643,5361
4645,9411
4647,9325
4647,9388
4650,9299
4650,5433
4652,4710
4656,5619
4660,3864
4668,4597
4671,4637
4671,5638
4673,5671
4682,8283
4682,8608
4682,3564
4682,5523
4690,3943
4690,3987
4690,4616
4690,5116
4694,3598
4694,4261
4700,9277
4700,9327
4700,3840
4700,4767
4710,4652
4712,3867
4712,3968
4712,4830
4716,5939
4729,4383
4731,9275
4731,9405
4731,5003
4733,9408
4733,9410
4733,3615
4733,3607
4733,5310
4733,5673
4733,6255
4733,6256
4735,3615
4735,3607
4738,4915
4742,8343
4756,4843
4756,5853
4758,3915
4765,9364
4767,9277
4767,9389
4767,3840
4767,4700
4771,5589
4771,5679
4775,8356
4775,5104
4777,5931
4783,3989
4783,4001
4811,8596
4813,5037
4813,8986
4785,9759
4802,9379
4804,4965
4819,3886
4819,4012
4825,9413
4825,9414
4825,3604
4825,4022
4825,4308
4830,4712
4832,8621
4841,4353
4843,4756
4843,5853
4847,4546
4847,5292
4847,5560
4853,4175
4859,8217
4859,5923
4869,9267
4869,3737
4869,5669
4870,9411
4878,8386
4878,8715
4878,4400
4878,5911
4878,5915
4886,5917
4898,3866
4900,6142
4908,9278
4909,3835
4915,4190
4915,4738
4919,8362
4919,3566
4919,3806
4919,3923
4926,5338
4930,5340
4932,4016
4954,5898
4957,9272
4959,9294
4963,6074
4965,4804
4967,5322
4969,8648
4969,9787
4969,4629
4969,5326
4969,5613
4971,8677
4971,4458
4971,5796
4977,8598
4985,4493
4985,4542
4987,4186
4987,4188
4989,3750
4989,4032
4997,9345
4999,6037
4999,6253
5001,5250
5003,9275
5003,9405
5003,4731
5010,3951
5012,9322
5012,4611
5018,8299
5024,5811
5037,4813
5037,8986
5039,4536
5043,8980
5046,5336
5046,6142
5050,9216
5074,5548
5076,5346
5078,4018
5078,4599
5086,9371
5090,9376
5090,9377
5090,5199
5093,6290
5095,9372
5095,6288
5104,8356
5104,4775
5116,3833
5116,4690
5117,4512
5117,4618
5117,9630
5119,4318
5119,5469
5121,5405
5125,5855
5131,5661
5133,4548
5135,6233
5139,6258
5141,9414
5141,4022
5143,9382
5143,9384
5143,9385
5143,4075
5143,4624
5143,5890
5145,9383
5155,8206
5155,8211
5155,8244
5155,4337
5157,6465
5165,4447
5165,5220
5165,5967
5169,5973
5173,5411
5181,3929
5181,9751
5187,9365
5191,9403
5193,6450
5199,9376
5199,9377
5199,5090
5204,5605
5208,8202
5208,8350
5208,8352
5208,9565
5210,5449
5212,9574
5212,9575
5212,6100
5220,4447
5220,5165
5220,5967
5225,3880
5230,5994
5239,6410
5241,4173
5250,5001
5258,6433
5270,8615
5272,8281
5272,3568
5495,6014
5495,6415
5283,8568
5287,4639
5287,5289
5289,4639
5289,5287
5291,4083
5292,4546
5292,4847
5292,5560
5310,9408
5310,9410
5310,3615
5310,3607
5310,3609
5310,4733
5310,5673
5310,6255
5310,6256
5312,6055
5314,5593
5318,3649
5322,4967
5346,5076
5324,8611
5326,8246
5326,9787
5326,4629
5326,4969
5326,5613
5330,8642
5330,5711
5330,6492
5334,5467
5334,9097
5334,9098
5336,5046
5338,4926
5340,4930
5351,5748
5351,9632
5351,9636
5361,4643
5375,6446
5383,6461
5397,6135
5405,5121
5418,4462
5431,5677
5433,9299
5433,4650
5441,8207
5441,4067
5441,4246
5441,4555
5443,8584
5443,4557
5411,5173
5449,5210
5465,3972
5467,5334
5467,9096
5469,4318
5469,5119
5493,6412
5512,9273
5512,9357
5523,8283
5523,8608
5523,3564
5523,4682
5525,8364
5525,8366
5538,8574
5540,5629
5540,6377
5544,5827
5548,5074
5560,4546
5560,4847
5560,5292
5566,9100
5575,4053
5583,5667
5585,9382
5589,4771
5591,3951
5593,5314
5593,6435
5599,9378
5599,4626
5603,6293
5605,5204
5613,8648
5613,9787
5613,4629
5613,4969
5613,5326
5619,4656
5623,6325
5625,6471
5638,4637
5638,4671
5653,5655
5653,5998
5653,6207
5655,5653
5655,5998
5655,6207
5661,5131
5629,5540
5629,6377
5635,6177
5667,5583
5669,9267
5669,3737
5669,4869
5671,4673
5673,9410
5673,3615
5673,3607
5673,4733
5673,5310
5673,6255
5673,6256
5675,9320
5677,5431
5679,4771
5687,8639
5689,6086
5689,6465
5693,8644
5693,9786
5693,4179
5693,5807
5693,6304
5696,8196
5696,8252
5696,8286
5696,3574
5696,4530
5696,4589
5698,9789
5698,5925
5698,6469
5700,4365
5911,8234
5911,8304
5911,8386
5911,8715
5911,4400
5911,4878
5711,5330
5711,6492
5712,4510
5718,8570
5720,5961
5724,5820
5748,5351
5748,9632
5748,9636
5758,9366
5760,9407
5763,9300
5769,9292
5769,5905
5773,6280
5779,4387
5781,4387
5785,9304
5796,4458
5796,4971
5804,8402
5804,6108
5804,6333
5807,8644
5807,9786
5807,4179
5807,5693
5807,6304
5811,5024
5818,8572
5818,6133
5820,5724
5823,5825
5825,5823
5827,5544
5827,6152
5840,6166
5842,6392
5853,4756
5853,4843
5855,5125
5866,6011
5866,6013
5866,6400
5866,6404
5866,6406
5883,9412
5888,9363
5890,9384
5890,4075
5890,4624
5890,5143
6437,3890
5898,4954
5905,9292
5905,5769
5973,5169
5915,4500
5915,4878
5917,4886
5923,8217
5923,4859
5925,5698
5925,6469
5931,4777
5939,4716
5971,5998
5961,5720
5963,8566
5964,4289
5967,4447
5967,5165
5967,5220
5969,4266
5992,4641
5994,5230
5996,6203
5996,6205
5998,5653
5998,5655
5998,5971
5998,6207
6000,6210
6007,6009
6009,6007
6011,5866
6011,6400
6011,6402
6011,6406
6011,9766
6013,5866
6013,6223
6013,6400
6013,6404
6013,6406
6013,6408
6013,9766
6014,5495
6014,6415
6037,3645
6037,4999
6040,4194
6044,9409
6044,3607
6047,9359
6051,9330
6055,5312
6062,9404
6064,4396
6069,3652
6074,4963
6076,6086
6076,6465
6076,6467
6078,6086
6078,6463
6078,6465
6086,5689
6086,6076
6086,6078
6086,6463
6086,6465
6090,4314
6100,9574
6100,9575
6100,5212
6108,5804
6108,6333
6133,8572
6133,5818
6135,5397
6142,4900
6142,5046
6152,5827
6166,5840
6177,5635
6223,6013
6223,6400
6223,6402
6223,6404
6223,6408
6203,5996
6203,6205
6205,5996
6205,6203
6207,5653
6207,5655
6207,5998
6210,6000
6233,5135
6253,3645
6253,4999
6255,9408
6255,9410
6255,3615
6255,3607
6255,4733
6255,5310
6255,5673
6255,6256
6256,9408
6256,9410
6256,3615
6256,3607
6256,4733
6256,5310
6256,5673
6256,6255
6258,5139
6260,9367
6267,9380
6272,6280
6280,5773
6280,6272
6288,9372
6288,4398
6288,4609
6288,5095
6290,5093
6293,5603
6302,9651
6302,3774
6302,3796
6302,3953
6304,8644
6304,9786
6304,4179
6304,5693
6304,5807
6306,8396
6308,6310
6310,6308
6320,8402
6320,9782
6320,9783
6325,5623
6331,6488
6333,5804
6333,6108
6339,6350
6350,6339
6377,5540
6377,5629
6392,5842
6400,5866
6400,6011
6400,6013
6400,6223
6400,6406
6402,6011
6402,6223
6402,6404
6402,6408
6402,9766
6404,5866
6404,6013
6404,6223
6404,6402
6404,6408
6406,5866
6406,6011
6406,6013
6406,6400
6406,6408
6408,6013
6408,6223
6408,6402
6408,6404
6408,6406
6410,5239
6412,5493
6415,5495
6415,6014
6433,5258
6435,5593
6461,5383
6463,6078
6463,6086
6463,6465
6465,5157
6465,5689
6465,6076
6465,6078
6465,6086
6465,6463
6446,5375
6448,6452
6450,5193
6452,6448
6488,6331
6467,6076
6469,9788
6469,5698
6469,5925
6471,5625
6492,5330
6492,5711
6528,6629
6534,1934
6538,6540
6540,6538
6555,6589
6589,6555
6607,6770
6607,6803
6618,6708
6629,6528
6635,9836
6637,6743
6639,8852
6645,1797
6647,6681
6667,9594
6677,1894
6679,6683
6679,6755
6681,6647
6683,6679
6683,6755
6689,6712
6689,6751
6697,6703
6697,6739
6703,6697
6703,6739
6706,9597
6706,6721
6708,6618
6712,6689
6712,6751
6721,6706
6731,1997
6738,1793
6739,6697
6739,6703
6743,6637
6751,6689
6751,6712
6753,6815
6755,6679
6755,6683
6757,9823
6759,1933
6763,1774
6770,6607
6770,6803
6793,6795
6795,6793
6843,6846
6843,6848
6843,8773
6843,8992
6843,8994
6803,6607
6803,6770
6815,6753
6822,1957
6822,1959
6822,1961
6865,6856
6846,6843
6846,6848
6846,8780
6846,8992
6846,8994
6848,6843
6848,6846
6848,8783
6848,8992
6848,8994
6850,8770
6854,1414
6856,6865
6856,6881
6881,6856
6899,1525
6899,7005
6901,9814
6906,8769
6909,6912
6909,6944
6912,6909
6912,6944
6921,1508
6929,1523
6929,6981
6929,7037
6929,7049
6929,7051
6933,9815
6940,1511
6944,6909
6944,6912
6954,1534
6956,1515
6975,9813
6977,1503
6981,1543
6981,6929
6981,7037
6981,7049
6981,7051
6981,7053
6998,9477
7003,7021
7005,6899
7005,7047
7016,1517
7019,7035
7021,7003
7033,1541
7035,7019
7037,1532
7037,6929
7037,6981
7037,7049
7037,7051
7037,7053
7043,8994
7047,7005
7049,1548
7049,6929
7049,6981
7049,7037
7049,7051
7049,7053
7051,1546
7051,6929
7051,6981
7051,7037
7051,7049
7053,1550
7053,6981
7053,7037
7053,7049
7055,1527
7058,1537
7058,9842
7062,9082
7069,9076
7071,9049
7073,7351
7087,9067
7097,7315
7099,9055
7101,8735
7103,9143
7109,9066
7139,8942
7148,7355
7162,9053
7166,2022
7166,8941
7191,9077
7193,7221
7197,9074
7201,9072
7221,7193
7225,2109
7225,2134
7225,2164
7225,2309
7225,2345
7227,2156
8478,7896
7241,7331
7246,2116
7260,9075
7268,7303
7278,9071
7284,2158
7291,7346
7295,2172
7303,7268
7650,8090
7309,9070
7315,7097
7360,7373
7331,7241
7337,9061
7346,7291
7351,7073
7353,9058
7355,7148
7362,2105
7373,7360
7451,7488
7414,2177
7445,9645
7455,9645
7457,2206
7465,7486
7474,7482
7482,7474
7486,7465
7488,7451
7513,8063
7515,2532
7515,8713
7517,2534
7519,2528
7525,2526
7531,7539
7539,7531
7541,7565
7541,7567
7541,7569
7543,7554
7546,7593
7548,7556
7550,7577
7552,7560
7554,7543
7556,7548
7558,7582
7560,7552
7561,7563
7563,7561
7565,7541
7565,7567
7567,7541
7567,7565
7567,7569
7569,7541
7569,7567
7571,7573
7573,7571
7577,7550
7582,7558
7590,2680
7593,7546
7599,2300
7603,7728
7605,9166
7611,7644
7611,7710
7611,7726
7614,2860
7614,7890
7620,8073
7624,7639
7624,7814
7624,7981
7624,7992
7624,8016
7624,9497
7628,7630
7628,7924
7628,7994
7630,7628
7630,7829
7630,7994
7632,2371
7636,7799
7639,7624
7639,7814
7639,7981
7639,7992
7639,8016
7641,2217
7643,8024
7644,7611
7644,7695
7644,7710
7644,7726
7646,2328
7659,7878
7659,7967
7668,7715
7668,8367
7672,8594
7675,7703
7695,7644
7703,7675
7707,8877
7710,7611
7710,7644
7710,7726
7712,9523
7715,7668
7724,7980
7726,7611
7726,7644
7726,7710
7728,7603
7728,7903
7730,8379
8484,8324
7900,8132
7769,2639
7776,2669
7783,8444
7798,9526
7799,7636
7803,8214
7805,9111
7814,7624
7814,7639
7814,7981
7814,8016
7829,7630
7829,7924
7831,8222
7833,8878
7839,2627
7851,2586
7851,9527
7851,8500
7853,2605
7868,8159
7870,7921
7870,7922
7872,3053
7863,2836
7896,8478
7896,7985
7878,7659
7878,7967
7878,8214
7885,8676
7890,2860
7890,7614
7890,7955
7891,2410
7901,8371
7903,7728
7921,7870
7921,7922
7922,7870
7922,7921
7924,7628
7924,7829
7931,2706
7935,2617
7942,7987
8056,3119
7950,8349
7955,7890
7967,7659
7967,7878
7967,8214
7970,8208
7974,8672
7980,7724
7981,7624
7981,7639
7981,7814
7981,7992
7981,8016
7985,7896
7987,7942
7992,7624
7992,7639
7992,7981
7994,7628
7994,7630
7997,2873
7997,8280
7999,8175
8016,7624
8016,7639
8016,7814
8016,7981
8024,7643
8024,8112
8024,8124
8024,8276
8031,9109
8045,8114
8045,8143
8069,2388
8073,7620
8075,8415
8063,7513
8088,8509
8090,7650
8097,8233
8100,8612
8103,2708
8112,8024
8114,8045
8114,8143
8124,8024
8128,8249
8132,2556
8132,2669
8132,7900
8143,8045
8143,8114
8146,8290
8146,8455
8159,7868
8161,2415
8163,8197
8175,7999
8179,9089
8181,8359
8184,2275
8184,2468
8197,8163
8208,7970
8218,2239
8222,7831
8214,7803
8214,7878
8214,7967
8231,8632
8233,8097
8241,8747
8245,8997
8249,8128
8267,2418
8267,9168
8276,8024
8280,7997
8282,8313
8289,8303
8290,8146
8303,8289
8305,2383
8307,2650
8313,8282
8320,2676
8322,8464
8324,8484
8349,7950
8359,8181
8367,7668
8371,7901
8379,7730
8409,8603
8415,8075
8428,9110
8432,2287
8444,7783
8455,8146
8464,8322
8473,2586
8473,9527
8473,8500
8496,2346
8500,2539
8500,2586
8500,9527
8500,7851
8500,8473
8507,8577
8509,8088
8511,2481
8533,8573
8537,8645
8539,9109
8573,8533
8577,8507
8594,7672
8603,8409
8612,8100
8620,2824
8632,8231
8645,8537
8652,2368
8672,7974
8676,7885
8679,8680
8679,9799
8680,8679
8680,9799
8684,516
8684,1250
8687,432
8687,721
8687,1927
8713,2532
8713,7515
8754,8757
8755,8758
8755,8760
8755,8762
8756,8757
8757,8754
8757,8756
8758,8755
8758,8760
8758,8762
8760,8755
8760,8758
8760,8762
8762,8755
8762,8758
8762,8760
8768,9485
8769,6906
8770,6850
8773,1473
8773,6843
8774,1434
8775,9489
8778,9495
8785,1457
8785,8993
8786,1479
8787,1461
8780,1472
8780,6846
8782,1439
8782,8991
8783,1455
8783,6848
8789,54
8790,214
8791,18
8795,106
8796,100
8800,50
8830,8831
8830,8812
8831,8830
8831,8809
8832,8844
8833,528
8833,8840
8833,8810
8840,528
8840,8833
8840,8810
8844,8832
8852,6639
8878,7833
8807,636
8808,806
8809,8831
8809,8811
8809,8812
8810,528
8810,8833
8810,8840
8811,8809
8811,8812
8812,8830
8812,8809
8812,8811
8813,864
8824,946
8863,8864
8863,8865
8864,8863
8864,8865
8865,8863
8865,8864
8865,8866
8866,8865
8867,8868
8867,8869
8868,8867
8868,8869
8869,8867
8869,8868
8870,8871
8870,8872
8871,8870
8871,8872
8872,8870
8872,8871
8877,7707
8879,35
8918,1280
8924,1293
8934,2094
8951,8953
8951,8954
8953,8951
8953,8954
8954,8951
8954,8953
8977,3687
8986,4813
8986,5037
8995,2170
8980,5043
8987,4323
8991,8782
8991,8992
8991,8994
8992,6843
8992,6846
8992,6848
8992,8991
8992,8994
8993,8785
8994,6843
8994,6846
8994,6848
8994,7043
8994,8991
8994,8992
8997,8245
9006,625
9007,657
9008,655
9019,1438
9096,5467
9096,9097
9096,9098
9097,5334
9097,9096
9097,9098
9098,5334
9098,9096
9098,9097
9100,5566
9102,9101
9106,9105
9109,8031
9109,8539
9110,8428
9113,2864
9123,433
9123,479
9101,9102
9105,9106
9111,7805
9120,9121
9121,9120
9129,1452
9130,1452
9131,1757
9169,2522
9173,2982
9174,2962
9181,2762
9225,9226
9226,9225
9228,9659
9230,578
9238,9241
9241,9238
9477,6998
9485,8768
9486,9487
9487,9486
9489,8775
9496,9498
9518,1984
9497,2811
9497,7624
9498,2768
9498,9496
9499,20
9500,16
9500,86
9501,82
9502,829
9502,831
9502,1391
9503,251
9503,9509
9505,499
9506,1044
9507,311
9507,1478
9509,251
9509,9503
9511,707
9511,825
9512,606
9514,1767
9514,1788
9515,9516
9516,9515
9584,629
9593,1273
9613,3585
9613,3594
9613,4334
9615,9617
9616,9618
9617,9615
9618,9616
9630,5117
9603,2315
9620,3583
9620,3590
9620,4516
9623,4321
9625,3577
9632,5351
9632,5748
9632,9636
9633,4221
9636,5351
9636,5748
9636,9632
9645,7445
9645,7455
9657,427
9657,447
9657,471
9676,1031
9676,1167
9685,927
9696,9706
9698,9700
9698,9720
9700,1150
9700,9698
9700,9720
9701,1559
9701,1568
9702,9705
9710,1055
9711,9715
9711,9714
9715,1099
9715,9711
9715,9714
9681,931
9691,1073
9704,1723
9705,1047
9705,9702
9706,9696
9714,9711
9714,9715
9724,2218
9726,2151
9720,9698
9720,9700
9723,1687
9751,3929
9751,5181
9756,9760
9757,9368
9757,4414
9758,3767
9758,3987
9758,4264
9758,4370
9758,9762
9759,4785
9760,9756
9762,3767
9762,3833
9762,4264
9762,4370
9762,9758
9763,4551
9766,6011
9766,6013
9766,6402
9799,8679
9799,8680
9808,398
9808,417
9836,6635
9811,623
9840,1445
9841,1449
9842,7058
9843,1505
9844,1499
9853,421
9853,453
9853,587
9861,1586
9861,1990
9861,2036
9861,2096
9861,2117
